keyword,categoryId
arroz,ALIMENTOS
massa,ALIMENTOS
macarrão,ALIMENTOS
esparguete,ALIMENTOS
leite,ALIMENTOS
iogurte,ALIMENTOS
queijo,ALIMENTOS
fiambre,ALIMENTOS
manteiga,ALIMENTOS
margarina,ALIMENTOS
ovos,ALIMENTOS
pão,ALIMENTOS
carcaça,ALIMENTOS
carne,ALIMENTOS
frango,ALIMENTOS
peru,ALIMENTOS
vaca,ALIMENTOS
porco,ALIMENTOS
borrego,ALIMENTOS
coelho,ALIMENTOS
bifes,ALIMENTOS
peixe,ALIMENTOS
pescada,ALIMENTOS
bacalhau,ALIMENTOS
salmão,ALIMENTOS
sardinha,ALIMENTOS
marisco,ALIMENTOS
camarão,ALIMENTOS
lulas,ALIMENTOS
chocos,ALIMENTOS
conservas,ALIMENTOS
atum,ALIMENTOS
enchidos,ALIMENTOS
chouriço,ALIMENTOS
presunto,ALIMENTOS
fruta,ALIMENTOS
maçã,ALIMENTOS
banana,ALIMENTOS
pera,ALIMENTOS
laranja,ALIMENTOS
limão,ALIMENTOS
morango,ALIMENTOS
uvas,ALIMENTOS
ananás,ALIMENTOS
manga,ALIMENTOS
kiwi,ALIMENTOS
melão,ALIMENTOS
melancia,ALIMENTOS
legumes,ALIMENTOS
batata,ALIMENTOS
cenoura,ALIMENTOS
cebola,ALIMENTOS
alho,ALIMENTOS
alface,ALIMENTOS
tomate,ALIMENTOS
pepino,ALIMENTOS
curgete,ALIMENTOS
pimento,ALIMENTOS
brócolos,ALIMENTOS
couve,ALIMENTOS
espinafres,ALIMENTOS
feijão,ALIMENTOS
grão,ALIMENTOS
lentilhas,ALIMENTOS
ervilhas,ALIMENTOS
azeite,ALIMENTOS
óleo,ALIMENTOS
vinagre,ALIMENTOS
sal,ALIMENTOS
açúcar,ALIMENTOS
farinha,ALIMENTOS
fermento,ALIMENTOS
maizena,ALIMENTOS
molhos,ALIMENTOS
maionese,ALIMENTOS
ketchup,ALIMENTOS
mostarda,ALIMENTOS
azeitonas,ALIMENTOS
tremoços,ALIMENTOS
frutos secos,ALIMENTOS
amêndoas,ALIMENTOS
nozes,ALIMENTOS
café,ALIMENTOS
cápsulas,ALIMENTOS
chá,ALIMENTOS
infusão,ALIMENTOS
cacau,ALIMENTOS
chocolate,ALIMENTOS
cereais,ALIMENTOS
bolachas,ALIMENTOS
cookies,ALIMENTOS
compota,ALIMENTOS
doce,ALIMENTOS
marmelada,ALIMENTOS
mel,ALIMENTOS
congelados,ALIMENTOS
pizza,ALIMENTOS
lasanha,ALIMENTOS
gelado,ALIMENTOS
snacks,ALIMENTOS
batatas fritas,ALIMENTOS
especiarias,ALIMENTOS
canela,ALIMENTOS
oregãos,ALIMENTOS
pimenta,ALIMENTOS
bebé,ALIMENTOS
cerelac,ALIMENTOS
boiões,ALIMENTOS
água,BEBIDAS
sumo,BEBIDAS
néctar,BEBIDAS
refrigerante,BEBIDAS
cola,BEBIDAS
iced tea,BEBIDAS
cerveja,BEBIDAS
vinho,BEBIDAS
tinto,BEBIDAS
branco,BEBIDAS
verde,BEBIDAS
rosé,BEBIDAS
porto,BEBIDAS
espumante,BEBIDAS
sidra,BEBIDAS
gin,BEBIDAS
vodka,BEBIDAS
whisky,BEBIDAS
licor,BEBIDAS
aguardente,BEBIDAS
energética,BEBIDAS
saúde,SAUDE
medicamentos,SAUDE
paracetamol,SAUDE
ibuprofeno,SAUDE
aspirina,SAUDE
vitaminas,SAUDE
magnésio,SAUDE
tosse,SAUDE
garganta,SAUDE
nasal,SAUDE
olhos,SAUDE
álcool,SAUDE
desinfectante,SAUDE
pensos,SAUDE
termómetro,SAUDE
preservativos,SAUDE
detergente,LIMPEZA
loiça,LIMPEZA
máquina,LIMPEZA
roupa,LIMPEZA
amaciador,LIMPEZA
lixívia,LIMPEZA
limpa vidros,LIMPEZA
multiusos,LIMPEZA
wc,LIMPEZA
chão,LIMPEZA
móveis,LIMPEZA
inseticida,LIMPEZA
ambientador,LIMPEZA
lixo,LIMPEZA
sacos,LIMPEZA
esponja,LIMPEZA
vassoura,LIMPEZA
shampoo,HIGIENE
condicionador,HIGIENE
gel banho,HIGIENE
sabonete,HIGIENE
dentes,HIGIENE
escova dentes,HIGIENE
desodorizante,HIGIENE
barbear,HIGIENE
lâminas,HIGIENE
creme,HIGIENE
hidratante,HIGIENE
solar,HIGIENE
higiénicos,HIGIENE
tampões,HIGIENE
cotonetes,HIGIENE
papel higiénico,HIGIENE
toalhitas,HIGIENE
fraldas,HIGIENE
unhas,HIGIENE
pilhas,CASA
lâmpadas,CASA
papel cozinha,CASA
guardanapos,CASA
alumínio,CASA
película,CASA
fósforos,CASA
isqueiro,CASA
velas,CASA
ferramentas,CASA
carro,AUTOMOVEL
motor,AUTOMOVEL
pára-brisas,AUTOMOVEL
escola,ESCOLA
cadernos,ESCOLA
canetas,ESCOLA
lápis,ESCOLA
borracha,ESCOLA
mochila,ESCOLA
pet,OUTROS
cão,OUTROS
gato,OUTROS
ração,OUTROS
jardim,OUTROS
plantas,OUTROS
carvão,OUTROS
acendalhas,OUTROS
